category,url,name
Antriebstechnik,http://www.abb.com,"ABB Schweiz AG Antriebe, Turgi / AG"
Antriebstechnik,http://www.assag.ch,"ASS AG Antriebstechnik, Düdingen / FR"
Antriebstechnik,http://www.baechli.com,"Bächli AG, Obernau / LU"
Antriebstechnik,http://www.celeroton.com,"Celeroton AG, Volketswil / ZH"
Antriebstechnik,http://www.cwat.ch,"Curtiss-Wright Antriebstechnik GmbH, Neuhausen am Rheinfall / SH"
Antriebstechnik,http://www.EES-KISSsoft.ch,"EES KISSsoft GmbH, Menzingen / ZG"
Antriebstechnik,http://www.flsmidthmaaggear.com,"FLSmidth MAAG Gear AG, Winterthur / ZH"
Antriebstechnik,http://www.gdels.com,"General Dynamics European Land Systems - Mowag GmbH, Kreuzlingen / TG"
Antriebstechnik,http://www.gmb-em.ch,"GMB Elektrische Maschinen und Anlagen AG, Regensdorf / ZH"
Antriebstechnik,http://www.gudel.com,"Güdel AG, Langenthal / BE"
Antriebstechnik,http://www.harmonicdrive.ch,"Harmonic Drive Switzerland AG, Trimbach / SO"
Antriebstechnik,http://www.humbel-gears.com,"Humbel Zahnräder AG, Kradolf / TG"
Antriebstechnik,http://www.inspire.ethz.ch,"Inspire AG, Zürich / ZH"
Antriebstechnik,http://www.kissling.swiss,"Kissling AG, Bachenbülach / ZH"
Antriebstechnik,http://www.klingelnberg.com,"Klingelnberg AG, Zürich / ZH"
Antriebstechnik,http://www.magnetdrives.ch,"MagnetDrives AG, Zug / ZG"
Antriebstechnik,http://www.mechmine.com,"mechmine LLC (Mechmine GmbH), Azmoos / SG"
Antriebstechnik,http://www.mecos.com,"MECOS AG, Zürich/ ZH"
Antriebstechnik,http://www.mesys.ch,"MESYS AG, Zürich / ZH"
Antriebstechnik,http://www.novagear.ch,"NOVAGEAR AG, Zürich / ZH"
Antriebstechnik,http://www.reishauer.com,"Reishauer AG, Wallisellen / ZH"
Antriebstechnik,http://www.renk-maag.ch,"RENK-MAAG GmbH, Winterthur / ZH"
Antriebstechnik,http://www.sauterbachmann.ch,"Sauter, Bachmann AG, Netstal / GL"
Antriebstechnik,http://www.schneeberger.com,"SCHNEEBERGER AG Lineartechnik, Roggwil / BE"
Antriebstechnik,http://www.schoen-ag.com,"Schoen AG, Schmitten / FR"
Antriebstechnik,http://www.siemens.ch,"Siemens Schweiz AG, Zürich / ZH"
Antriebstechnik,http://www.stadlerrail.ch,"Stadler Bussnang AG, Bussnang / TG"
Antriebstechnik,http://www.zf.com,"ZF Services Schweiz AG, Volketswil / ZH"
Assembly and factory automation,http://www.abb.ch,"ABB Schweiz AG, Baden / AG"
Assembly and factory automation,http://www.afag.com,"Afag Automation AG, Huttwil / BE"
Assembly and factory automation,http://www.balluff.ch,"Balluff AG, Bellmund / BE"
Assembly and factory automation,http://www.bfa.ch,"bfa solutions ag, Fällanden/ ZH"
Assembly and factory automation,http://www.festo.ch,"Festo AG, Lupfig / AG"
Assembly and factory automation,http://www.gudel.com,"Güdel AG, Langenthal / BE"
Assembly and factory automation,http://www.help-tec.ch,"HELP-TEC AUTOMATION AG, Täuffelen / BE"
Assembly and factory automation,http://www.insys.ch,"INSYS Industriesysteme AG, Münsingen / BE"
Assembly and factory automation,http://www.lca.ch,"LCA Automation AG, Küssnacht  / SZ"
Assembly and factory automation,http://www.mikron.com,"Mikron SA Boudry, Boudry / NE"
Assembly and factory automation,http://www.montech.ch,"Montech AG, Derendingen / SO"
Assembly and factory automation,http://www.schmid-group.com,"montratec AG, Solothurn / SO"
Assembly and factory automation,http://www.msw.ch,"msw-Winterthur, Winterthur / ZH"
Assembly and factory automation,http://www.paro.ch,"Paro AG, Subingen / SO"
Assembly and factory automation,http://www.schleuniger.com,"Schleuniger AG, Thun / BE"
Assembly and factory automation,http://www.staubli.com,"Stäubli AG, Horgen / ZH"
Assembly and factory automation,http://www.unitechnologies.com,"Unitechnologies SA, Gals / BE"
Automotive,http://www.apm-technica.com,"APM Technica AG, Heerbrugg / SG"
Automotive,http://www.asetronics.ch,"Asetronics AG, Bern / BE"
Automotive,http://www.assag.ch,"ASS AG Antriebstechnik, Düdingen / FR"
Automotive,http://www.autoneum.com,"Autoneum Management AG, Winterthur / ZH"
Automotive,http://www.baumann-federn.ch,"Baumann Federn AG, Ermenswil / ZH"
Automotive,http://www.benteler.de,"Benteler Rothrist AG, Rothrist / AG"
Automotive,http://www.ti.bfh.ch,"Berner Fachhochschule Technik und Informatik, Vauffelin / BE"
Automotive,http://www.bossard.com,"Bossard AG, Zug / ZG"
Automotive,http://www.buhlergroup.com,"Bühler AG, Uzwil / SG"
Automotive,http://www.bystronic.com,"Bystronic Maschinen AG, Thunstetten / BE"
Automotive,http://www.datwyler.com,"Dätwyler Schweiz AG, Schattdorf/ UR"
Automotive,http://www.empa.ch/abt504,"Empa Materials Science and Technology, Dübendorf / ZH"
Automotive,http://www.feintool.com,"Feintool System Parts Lyss AG, Lyss / BE"
Automotive,http://www.gfcs.com,"GF Casting Solutions AG, Schaffhausen / SH"
Automotive,http://www.gerster.ch,"Härterei Gerster AG, Egerkingen / SO"
Automotive,http://www.helbling.ch,"Helbling Technik AG, Zürich / ZH"
Automotive,http://www.hubersuhner.com,"Huber+Suhner AG, Werk Pfäffikon, Pfäffikon / ZH"
Automotive,http://www.insys.ch,"INSYS Industriesysteme AG, Münsingen / BE"
Automotive,http://www.jansen.com,"Jansen AG, Oberriet / SG"
Automotive,http://www.jehleag.ch,"Jehle Werkzeug- + Formenbau AG, Etzgen / AG"
Automotive,http://www.pfiffner.com,"K.R. Pfiffner AG, Utzenstorf / BE"
Automotive,http://www.komaxgroup.com,"Komax AG, Dierikon / LU"
Automotive,http://www.kellenberger.net,"L. Kellenberger & Co. AG, Biel/Bienne 8 / BE"
Automotive,http://www.mcgconsulting.de,MCG Consulting Group Deutschland GmbH
Automotive,http://www.oetiker.com,"Oetiker Schweiz AG Maschinen- und Apparatefabrik, Horgen / ZH"
Automotive,http://www.oskar-ruegg.ch,"Oskar Rüegg AG, Rapperswil-Jona / SG"
Automotive,http://www.owt.ch,"OWT AG, Neuhausen a. Rheinfall / SH"
Automotive,http://www.paro.ch,"Paro AG, Subingen / SO"
Automotive,http://www.posalux.ch,"Posalux SA, Bienne / BE"
Automotive,http://www.rolandberger.com,"Roland Berger Strategy Consultants, Zürich / ZH"
Automotive,http://www.schleuniger.com,"Schleuniger AG, Thun / BE"
Automotive,http://www.schoen-ag.com,"Schoen AG, Schmitten / FR"
Automotive,http://www.schurter.ch,"Schurter AG, Luzern / LU"
Automotive,http://www.steeltec.ch,"Steeltec AG, Emmenrücke / LU"
Automotive,http://www.stratma-int.ch,"StratMa International SARL, Carouge / GE"
Automotive,http://www.suhner-transmission-expert.com,"Suhner Transmission AG, Brugg / AG"
Automotive,http://www.suhner-transmission-expert.com,"Suhner Transmission AG, Brugg / AG"
Automotive,http://www.tschudin.eu,"TSCHUDIN AG, Grenchen / SO"
Automotive,http://www.swiss-car.ch,"University of Zurich, swissCAR Zürich / ZH"
Automotive,http://www.weidplas.com,Weidplas GmbH / Küsnacht ZH
Automotive,http://www.wolfensberger.ch,"Wolfensberger AG, Bauma / ZH"
Dimensionelle Messtechnik,http://www.alfa-sys.com,"alfa-sys ag, Ruggell / FL"
Dimensionelle Messtechnik,http://www.fisso.com,"Baitella AG, Zürich / ZH"
Dimensionelle Messtechnik,http://www.bcd-microtechnique.com,"BCD microtechnique SA, Préverenges / VD"
Dimensionelle Messtechnik,http://www.erowa.com,"Erowa AG, Büron / LU"
Dimensionelle Messtechnik,http://www.evoset.com,"Evoset AG, Steg / VS"
Dimensionelle Messtechnik,http://www.gribimesstech.ch,"GRIBI Messtechnik AG, Büren an der Aare / BE"
Dimensionelle Messtechnik,http://www.isoma.ch,"Isoma AG, Brügg / BE"
Dimensionelle Messtechnik,http://www.jenoptik.com/industrial-metrology,"JENOPTIK Industrial Metrology Switzerland SA, Peseux / NE"
Dimensionelle Messtechnik,http://www.kunz-precision.ch,"Kunz precision AG, Zofingen / AG"
Dimensionelle Messtechnik,http://www.marcel-aubert-sa.ch,"Marcel Aubert SA, Nidau / BE"
Dimensionelle Messtechnik,http://www.marposs.ch,"Marposs AG, Belp / BE"
Dimensionelle Messtechnik,http://www.mtbscs.ch,"Mess-Technik Blatter AG, Rümligen / BE"
Dimensionelle Messtechnik,http://www.messtechnik.li,"Messtechnik AG, Triesen / FL"
Dimensionelle Messtechnik,http://www.nuessler.ch,"Nüssler Precision AG Koordinatenmesstechnik, Bonaduz / GR"
Dimensionelle Messtechnik,http://www.saphirwerk.com,"Saphirwerk AG, Brügg b. Biel / BE"
Dimensionelle Messtechnik,http://www.sontec.ch,"Sontec AG Automation und Prüftechnik, Hochdorf / LU"
Dimensionelle Messtechnik,http://www.sylvac.ch,"Sylvac SA, Crissier / VD"
Dimensionelle Messtechnik,http://www.tesagroup.com,"TESA SA, Renens / VD"
Dimensionelle Messtechnik,http://www.trimos.com,"Trimos SA, Renens / VD"
Fluidtechnik,http://www.bibus.ch,"BIBUS AG, Fehraltorf / ZH"
Fluidtechnik,http://www.bierihydraulics.com,"Bieri Hydraulik AG, Köniz / BE"
Fluidtechnik,http://www.bucherhydraulics.com,"Bucher Hydraulics AG, Neuheim / ZG"
Fluidtechnik,http://www.buchermunicipal.com,"Bucher Municipal AG, Niederweningen / ZH"
Fluidtechnik,http://www.cymax.ch,"CYMAX AG, Hinwil / ZH"
Fluidtechnik,http://www.girmatic.ch,"Girmatic AG, Romanshorn / TG"
Fluidtechnik,http://www.hagenbuch.ch,"Hagenbuch Hydraulic Systems AG, Ebikon / LU"
Fluidtechnik,http://www.kubo.ch,"Kubo Tech AG, Effretikon / ZH"
Fluidtechnik,http://www.pwb.ch,"PWB AG, Altstätten / SG"
Fluidtechnik,http://www.wandfluh.com,"Wandfluh AG, Frutigen / BE"
Förder- und Lagertechnik,http://www.lift.ch,"AS Aufzüge AG, Küssnacht / SZ"
Förder- und Lagertechnik,http://www.dematic.com,"Dematic GmbH Niederlassung Schweiz, Urdorf / ZH"
Förder- und Lagertechnik,http://www.flexlink.com,"FlexLink Switzerland GmbH, Wollerau / SZ"
Förder- und Lagertechnik,http://www.garaventa.com,"Garaventa AG, Rotkreuz / ZG"
Förder- und Lagertechnik,http://www.garaventalift.ch,"Garaventa Liftech AG, Küssnacht a.R. / SZ"
Förder- und Lagertechnik,http://www.gilgen.com,"Gilgen Logistics AG, Oberwangen / BE"
Förder- und Lagertechnik,http://www.gis-ag.ch,"GIS AG, Schötz / LU"
Förder- und Lagertechnik,http://www.gollmann.ch,"Gollmann Zwick AG, Dielsdorf / ZH"
Förder- und Lagertechnik,http://www.iwis.com,"iwis AG, Othmarsingen / AG"
Förder- und Lagertechnik,http://www.demagcranes.ch,Konecranes and Demag AG Dietlikon / ZH
Förder- und Lagertechnik,http://www.reel-alesa.com,"REEL Alesa AG, Zürich / ZH"
Förder- und Lagertechnik,http://www.siemens.com,"Siemens Postal, Parcel & Airport Logistics AG, Zürich / ZH"
Förder- und Lagertechnik,http://www.tgw-group.com,"TGW-Systems Integration AG, Rotkreuz / ZG"
Grafische Maschinen,http://www.abb.ch,"ABB Schweiz AG, Baden / AG"
Grafische Maschinen,http://www.bobst.com,"BOBST MEX SA, Mex / VD"
Grafische Maschinen,http://www.durrer.com,"Durrer Spezialmaschinen AG, Küssnacht am Rigi / SZ"
Grafische Maschinen,http://www.gallus-group.com,"Gallus Ferd. Rüesch AG, St. Gallen / SG"
Grafische Maschinen,http://www.gietz.com,"Gietz AG, Gossau / SG"
Grafische Maschinen,http://www.hannecard.com,"Hannecard GmbH, Rüti  / ZH"
Grafische Maschinen,http://www.iwis.com,"iwis AG, Othmarsingen / AG"
Grafische Maschinen,http://www.luescher.com,"Lüscher Technologies AG, Bleienbach / BE"
Grafische Maschinen,http://www.mullermartini.com,"Müller Martini AG, Zofingen / AG"
Grafische Maschinen,http://www.polytype.com,"Polytype S.A., Fribourg / FR"
Grafische Maschinen,http://www.steinemann.com,"Steinemann Technology AG, St. Gallen / SG"
Grafische Maschinen,http://www.swigraph.ch,"Swigraph AG, Bubikon / ZH"
Handwerkzeuge,http://www.hilti.com,"Hilti Aktiengesellschaft, Schaan / FL"
Handwerkzeuge,http://www.pbswisstools.com,"PB SWISS TOOLS GmbH, Wasen im Emmental / BE"
Handwerkzeuge,http://www.vallorbe.com,"USINES METALLURGIQUES DE VALLORBE SA, Vallorbe / VD"
"Kompressoren, Druckluft- und Vakuumtechnik",http://www.elliott-turbo.com,"Elliott Turbomachinery SA, Lachen / SZ"
"Kompressoren, Druckluft- und Vakuumtechnik",http://www.inficon.com,"INFICON Aktiengesellschaft, Balzers / FL"
"Kompressoren, Druckluft- und Vakuumtechnik",http://www.man-es.com,"MAN Energy Solutions Schweiz AG, Zürich / ZH"
Kunststoffmaschinen,http://www.bernexgroup.com,"Bernex Bimetall AG, Olten / SO"
Kunststoffmaschinen,http://www.bfa.ch,"bfa solutions ag, Fällanden/ ZH"
Kunststoffmaschinen,http://www.burckhardt.com,"Burckhardt of Switzerland AG, Basel / BS"
Kunststoffmaschinen,http://www.busscorp.com,"Buss AG, Pratteln / BL"
Kunststoffmaschinen,http://www.efcooling.com,"Ernst H. Furrer AG Industriekühlanlagen, Dällikon / ZH"
Kunststoffmaschinen,http://www.hb-therm.ch,"HB-THERM AG, St. Gallen / SG"
Kunststoffmaschinen,http://www.hydac.com,"HYDAC Engineering AG, Steinhausen / ZG"
Kunststoffmaschinen,http://www.katz.ch,"KATZ Kunststoff Ausbildungs- und Technologie-Zentrum, Aarau / AG"
Kunststoffmaschinen,http://www.maag.ch,"Maag Pump Systems AG, Oberglatt / ZH"
Kunststoffmaschinen,http://www.mailleferextrusion.com,"Maillefer SA, Ecublens / VD"
Kunststoffmaschinen,http://www.murex.ch,"Murex Technik AG, Wängi / TG"
Kunststoffmaschinen,http://www.netstal.com,"Netstal-Maschinen AG, Näfels / GL"
Kunststoffmaschinen,http://www.priamus.com,"PRIAMUS SYSTEM TECHNOLOGIES, Schaffhausen / SH"
Kunststoffmaschinen,http://www.promix-solutions.ch,"Promix Solutions AG, Winterthur / ZH"
Kunststoffmaschinen,http://www.regloplas.com,"Regloplas AG, St. Gallen / SG"
Kunststoffmaschinen,http://www.roeslerag.ch,"Rösler Schweiz AG, Kirchleerau / AG"
Kunststoffmaschinen,http://www.the-machines.ch,"THE Machines Yvonand SA, Yvonand / VD"
Photonics,http://www.apm-technica.com,"APM Technica AG, Heerbrugg / SG"
Photonics,http://www.axetris.com,"Axetris AG, Kägiswil / OW"
Photonics,http://www.bfh.ch,"Berner Fachhochschule, Hochschule für Technik und Architektur Burgdorf, Burgdorf"
Photonics,http://www.bloesch.ch,"Blösch AG Hartstoffbeschichtungszentrum, Grenchen / SO"
Photonics,http://www.bystronic.com,"Bystronic Laser AG, Niederönz / BE"
Photonics,http://www.cedes.com,"CEDES AG, Landquart / GR"
Photonics,http://www.class4laser.ch,"Class 4 Laser Professionals AG, Lyss / BE"
Photonics,http://www.coherent.ch,"COHERENT Switzerland AG, Belp / BE"
Photonics,http://www.csem.ch,CSEM SA
Photonics,http://www.metas.ch,"Eidgenössisches Institut für Metrologie - METAS, Bern / BE"
Photonics,http://www.empa.ch/abt504,"Empa Materials Science and Technology, Dübendorf / ZH"
Photonics,http://www.escatec.ch,"Escatec Switzerland AG, Heerbrugg / SG"
Photonics,http://www.espros.ch,"ESPROS Photonics AG, Sargans / SG"
Photonics,http://www.exalos.com,"EXALOS AG, Schlieren / ZH"
Photonics,http://www.fhnw.ch,"Fachhochschule Nordwestschweiz -Hochschule für Technik, Windisch / AG"
Photonics,http://www.feinwerkoptik-zuend.ch,"Feinwerkoptik Zünd AG, Werdenberg / SG"
Photonics,http://www.fisba.ch,"FISBA AG, St. Gallen / SG"
Photonics,http://www.flo-ir.ch,"flo-ir GmbH, Oberdorf / NW"
Photonics,http://www.gmp.ch,"GMP, Renens / VD"
Photonics,http://www.greenTEG.com,"greenTEG AG, Zürich / ZH"
Photonics,http://www.htwchur.ch,"Hochschule für Technik und Wirtschaft HTW Chur, Chur / GR"
Photonics,http://www.imtag.ch,"IMT Masken und Teilungen AG, Greifensee / ZH"
Photonics,http://www.inspire.ethz.ch,"Inspire AG, Zürich / ZH"
Photonics,http://www.ntb.ch,"Interstaatliche Hochschule für Technik Buchs NTB, Buchs / SG"
Photonics,http://www.leister.com,"Leister AG, Kägiswil / OW"
Photonics,http://www.mikrop.com,"Mikrop AG, Wittenbach / SG"
Photonics,http://www.mpsag.com,"MPS Micro Precision Systems AG, Biel/Bienne / BE"
Photonics,http://www.nccr-must.ch,NCCR MUST ETH Zürich
Photonics,http://www.opticsbalzers.com,"Optics Balzers AG, Balzers / LIE"
Photonics,http://www.optotune.com,"Optotune AG, Dietikon / ZH"
Photonics,http://www.ilee.ch,"Rheinmetall Air Defence AG, Zürich / ZH"
Photonics,http://www.rhysearch.ch,"RhySearch, Buchs / SG"
Photonics,http://www.safran-vectronix.com,"Safran Vectronix AG, Heerbrugg / SG"
Photonics,http://www.schott.com/advanced_optics,"SCHOTT Suisse SA, Yverdon / VD"
Photonics,http://www.spectros.ch,"Spectros AG Präzisionsoptik & Feinmechanik, Ettingen / BL"
Photonics,http://www.suss.ch,"SUSS MicroOptics SA, Hauterive / NE"
Photonics,http://www.swissoptic.com,"SwissOptic AG, Heerbrugg / SG"
Photonics,http://www.swissphotonics.net,Swissphotonics NTN
Photonics,http://www.synova.ch,"Synova S.A., Duillier / VD"
Photonics,http://www.trumpf.com,"TRUMPF Schweiz AG, Grüsch / GR"
Photonics,http://www.unitechnologies.com,"Unitechnologies SA, Gals / BE"
Photonics,http://www.kyburz-sapphire.ch,"Victor Kyburz AG, Safnern / BE"
Photonics,http://www.wzw.ch,"WZW OPTIC AG, Balgach / SG"
Photonics,http://www.xenlux.com,"Xenlux AG, Buochs / NW"
Photonics,http://www.zuendoptics.com,"Zünd Precision Optics Ltd., Diepoldsau / SG"
Photonics,http://www.zhaw.ch,"Zürcher Hochschule für Angewandte Wisssenschaften, Winterthur / ZH"
Präzisionswerkzeuge,http://www.3m.com,"3M (Schweiz) GmbH, Rüschlikon / ZH"
Präzisionswerkzeuge,http://www.alesa.ch,"Alesa AG Werkzeugfabrik, Seengen / AG"
Präzisionswerkzeuge,http://www.argor-aljba.com,"Argor-Aljba SA, Mendrisio / TI"
Präzisionswerkzeuge,http://www.ch.bigkaiser.com,"Big Kaiser Präzisionswerkzeuge AG, Rümlang / ZH"
Präzisionswerkzeuge,http://www.bloesch.ch,"Blösch AG Hartstoffbeschichtungszentrum, Grenchen / SO"
Präzisionswerkzeuge,http://www.boeni-ag.com,"Böni AG, Feldbach / ZH"
Präzisionswerkzeuge,http://www.dcswiss.ch,"DC SWISS S.A., Valbirse / BE"
Präzisionswerkzeuge,http://www.denitool.ch,"DENI AG, Veltheim / AG"
Präzisionswerkzeuge,http://www.diametal.ch,"Diametal AG, Biel / BE"
Präzisionswerkzeuge,http://www.dixipolytool.ch,"Dixi Polytool SA, Le Locle / NE"
Präzisionswerkzeuge,http://www.dunner.ch,"DUNNER SA, Moutier / BE"
Präzisionswerkzeuge,http://www.evoset.com,"Evoset AG, Steg / VS"
Präzisionswerkzeuge,http://www.extramet.ch,"Extramet AG, Plaffeien / FR"
Präzisionswerkzeuge,http://www.flurytools.ch,"Flury Tools AG, Arch / BE"
Präzisionswerkzeuge,http://www.fraisa.com,"Fraisa SA, Bellach / SO"
Präzisionswerkzeuge,http://www.gloorag.ch,"Friedrich Gloor AG, Lengnau / BE"
Präzisionswerkzeuge,http://www.habegger-sa.com,"Harold Habegger S.A., Court / BE"
Präzisionswerkzeuge,http://www.heule.com,"HEULE WERKZEUG AG, Balgach / SG"
Präzisionswerkzeuge,http://www.ifanger.com,"Ifanger AG, Uster / ZH"
Präzisionswerkzeuge,http://www.ionbond.com,"IHI Ionbond AG, Olten / SO"
Präzisionswerkzeuge,http://www.kometgroup.com,"KOMET Schweiz AG, Oensingen / SO"
Präzisionswerkzeuge,http://www.lamina-tech.ch,"Lamina Technologies SA, Yverdon-les-Bains / VD"
Präzisionswerkzeuge,http://www.marwa-tools.ch,"MARWA TOOLS AG, Rümlang / ZH"
Präzisionswerkzeuge,http://www.meister-abrasives.com,"Meister Abrasives AG, Andelfingen / ZH"
Präzisionswerkzeuge,http://www.mikron.com,"Mikron Tool SA Agno, Agno / TI"
Präzisionswerkzeuge,http://www.oerlikon.com,"Oerlikon Balzers Coating AG, Balzers / FL"
Präzisionswerkzeuge,http://www.oertli.ch,"OERTLI Werkzeuge AG, Höri / ZH"
Präzisionswerkzeuge,http://www.pcm.ch,"P.C.M. Willen S.A., Villeneuve / VD"
Präzisionswerkzeuge,http://www.profin.ch,"PROFIN Progressive Finish AG, Luzern / LU"
Präzisionswerkzeuge,http://www.re-al.ch,"RE-AL AG, Biel / BE"
Präzisionswerkzeuge,http://www.rego-fix.ch,"REGO-FIX AG, Tenniken / BL"
Präzisionswerkzeuge,http://www.schaublin.ch,"SCHAUBLIN SA Fabrique d'outillages, Delémont / JU"
Präzisionswerkzeuge,http://www.secotools.com,"Seco Tools AG, Nidau / BE"
Präzisionswerkzeuge,http://www.sia-abrasives.com,"sia Abrasives Industries AG, Frauenfeld / TG"
Präzisionswerkzeuge,http://www.sphinx-tools.ch,"Sphinx Werkzeuge AG, Derendingen / SO"
Präzisionswerkzeuge,http://www.tecnopinz.ch,"Tecnopinz SA, Mezzovico / TI"
Präzisionswerkzeuge,http://www.triag.com,"Triag AG, Baar / ZG"
Präzisionswerkzeuge,http://www.triag-int.ch,"TRIAG International AG, Hünenberg / ZG"
Präzisionswerkzeuge,http://tusa-precision.ch,"TUSA PRECISION TOOLS SA, Mezzovico / TI"
Präzisionswerkzeuge,http://www.urma.ch,"Urma AG Werkzeugfabrik, Rupperswil / AG"
Präzisionswerkzeuge,http://www.utilis.com,"Utilis AG, Müllheim / TG"
Präzisionswerkzeuge,http://www.wawowerkzeuge.ch,"WAWO Werkzeuge GmbH, Oberriet / SG"
Präzisionswerkzeuge,http://www.wintool.com,"WinTool AG, Zürich / ZH"
Pumpentechnik,http://www.pumpen-3s.ch,"3S Systemtechnik AG, Remigen / AG"
Pumpentechnik,http://www.biral.ch,"Biral AG, Münsingen / BE"
Pumpentechnik,http://www.calder.ch,"Calder GmbH, Egliswil / AG"
Pumpentechnik,http://www.heusser.ch,"Carl Heusser AG, Cham / ZG"
Pumpentechnik,http://www.cp-pumps.com,"CP Pumpen AG, Zofingen / AG"
Pumpentechnik,http://www.eggerpumps.com,"Emile Egger & Cie. SA, Cressier / NE"
Pumpentechnik,http://www.sterlingsihi.com,"Flowserve SIHI (Schweiz) GmbH, Schaffhausen / SH"
Pumpentechnik,http://www.sterlingsihi.com,"Flowserve SIHI (Schweiz) GmbH, Schaffhausen / SH"
Pumpentechnik,http://www.grundfos.ch,"GRUNDFOS PUMPEN AG, Fällanden / ZH"
Pumpentechnik,http://www.gysi-pumpen.ch,"Gysi Pumpen AG, Farvagny / FR"
Pumpentechnik,http://www.haeny.com,"Häny AG, Rapperswil-Jona / SG"
Pumpentechnik,http://www.hidrostal.ch,"Hidrostal AG, Neunkirch / SH"
Pumpentechnik,http://www.hydrowatt.com,"HYDROWATT AG, Schaffhausen / SH"
Pumpentechnik,http://www.ksbgroup.ch,"KSB (Schweiz) AG, Zürich / ZH"
Pumpentechnik,http://www.maag.ch,"Maag Pump Systems AG, Oberglatt / ZH"
Pumpentechnik,http://www.grupperutschi.com,"Rütschi Fluid AG, Brugg / AG"
Pumpentechnik,http://www.sawa.ch,"SAWA Pumpentechnik AG, Degersheim / SG"
Pumpentechnik,http://www.schubag.ch,"schubag AG, Felben-Wellhausen / TG"
Pumpentechnik,http://www.sulzer.com,"Sulzer Management AG, Winterthur / ZH"
Pumpentechnik,http://www.moserag.ch,"W. Moser AG, Wintertur / ZH"
Raumfahrttechnik,http://www.3dprecision.ch,"3D PRECISION SA, Delémont / JU"
Raumfahrttechnik,http://www.apco-technologies.com,"Apco Technologies SA, Aigle / VD"
Raumfahrttechnik,http://www.art-of-technology.ch,"Art of Technology AG, Zürich / ZH"
Raumfahrttechnik,http://www.bloesch.ch,"Blösch AG Hartstoffbeschichtungszentrum, Grenchen / SO"
Raumfahrttechnik,http://www.clemessy.ch,"Clemessy (Switzerland) AG, Basel / BS"
Raumfahrttechnik,http://www.cosylab.com,"Cosylab Switzerland GmbH, Villigen / AG"
Raumfahrttechnik,http://www.csem.ch,"CSEM Centre Suisse d'Electronique et de Microtechnique SA, Neuchâtel / NE"
Raumfahrttechnik,http://www.estech.ch,FAES-PWR ESTECH AG / Rüti ZH
Raumfahrttechnik,http://www.fisba.ch,"FISBA AG, St. Gallen / SG"
Raumfahrttechnik,http://www.industech.ch,"Franke Industrie AG, Aarburg / AG"
Raumfahrttechnik,http://www.gfprecicast.com,"GF Precicast S.A., Novazzano / TI"
Raumfahrttechnik,http://www.icotec-medical.com,"icotec AG, Altstätten / SG"
Raumfahrttechnik,http://www.magentasys.com,"MAGENTASYS Sàrl, Genolier / VD"
Raumfahrttechnik,http://www.nanotronic.ch,"nanoTRONIC GmbH, Lyss / BE"
Raumfahrttechnik,http://www.spectratime.com,"Orolia Switzerland SA, Neuchâtel / NE"
Raumfahrttechnik,http://www.ruag.com/space,"RUAG Schweiz AG, RUAG Space, Zürich / ZH"
Raumfahrttechnik,http://www.ruag.com/space,"RUAG Schweiz AG, RUAG Space, Zürich / ZH"
Raumfahrttechnik,http://www.ruag.com,"RUAG Slip Rings SA, Nyon / VD"
Raumfahrttechnik,http://www.saphyrion.ch,"SAPHYRION Sagl, Bioggio / TI"
Raumfahrttechnik,http://www.schurter.ch,"Schurter AG, Luzern / LU"
Raumfahrttechnik,http://www.shirokuma-gmbh.ch,"shirokuma GmbH, Wetzikon / ZH"
Raumfahrttechnik,http://www.swissto12.ch,"Swissto12 S.A., Ecublens / VD"
Raumfahrttechnik,http://www.syderal.ch,"SYDERAL SA, Gals / BE"
Raumfahrttechnik,http://www.synopta.ch/,"Synopta GmbH, Eggersriet / SG"
Raumfahrttechnik,http://www.viasat.com,"ViaSat Antenna Systems SA, Lausanne / VD"
Raumfahrttechnik,http://www.weka-ag.ch,"WEKA AG, Bäretswil / ZH"
Raumfahrttechnik,fileadmin/user_upload/Swissmem/Z_Archiv-Dateien/7Newsanhaenge/Broschuere_D-low.zip,Broschüre «Raumfahrt in der Schweiz»
Raumfahrttechnik,http://www.sbfi.admin.ch/themen/01371/index.html?lang=de,"Staatssekretariat für Bildung und Forschung, Bereich Raumfahrt"
Raumfahrttechnik,http://www.esa.int/esaCP/index.html,Europäische Weltraumorganisation
Raumfahrttechnik,http://www.esa.int/esaCP/Switzerland_ge.html,Europäische Weltraumorganisation Fokus Schweiz
Raumfahrttechnik,http://www.space.unibe.ch/,"Universität Bern, Space Research & Planetary Sciences Research Division"
Raumfahrttechnik,http://www.issibern.ch/index.html,ISSI (International Space Science Institute)
Raumfahrttechnik,http://www.issibern.ch/associationproissi/purpose.html,Verein Pro-ISSI
Raumfahrttechnik,http://space.epfl.ch/,Space Center EPF Lausanne
Schweiss- und Schneidtechnik,http://www.binzel-abicor.com,"Alexander Binzel Schweisstechnik GmbH & Co., Grenchen / SO"
Schweiss- und Schneidtechnik,http://www.autogen-endress.ch,"Autogen Endress AG, Samstagern / ZH"
Schweiss- und Schneidtechnik,http://www.schmid-schweissen.ch,"B. Schmid Co AG, Baden-Dättwil / AG"
Schweiss- und Schneidtechnik,http://www.carbagas.ch,"CARBAGAS AG, Gümligen / BE"
Schweiss- und Schneidtechnik,http://www.esab.ch,"ESAB Europe GmbH, Baar / ZG"
Schweiss- und Schneidtechnik,http://www.fronius.com,"FRONIUS Schweiz AG, Rümlang / ZH"
Schweiss- und Schneidtechnik,http://www.gloor.ch,"Gebr. Gloor AG, Burgdorf / BE"
Schweiss- und Schneidtechnik,http://www.hlag.ch,"H. Lüdi + Co AG, Regensdorf / ZH"
Schweiss- und Schneidtechnik,http://www.ksrsoudage.ch,"KSR SA, Yverdon-les-Bains / VD"
Schweiss- und Schneidtechnik,http://www.listec.ch,"LISTEC Schweisstechnik AG, Rheineck / SG"
Schweiss- und Schneidtechnik,http://www.lwbweldtech.ch,"LWB WeldTech AG, Wünnewil / FR"
Schweiss- und Schneidtechnik,http://www.max-mueller-horgen.ch,"Max Müller Schweisstechnik, Pfäffikon / SZ"
Schweiss- und Schneidtechnik,http://www.messer-castolin.ch,"Messer Eutectic Castolin Switzerland SA, Dällikon / ZH"
Schweiss- und Schneidtechnik,http://www.messer.ch,"Messer Schweiz AG, Lenzburg / AG"
Schweiss- und Schneidtechnik,http://www.messer.ch,"Messer Schweiz AG, Lenzburg / AG"
Schweiss- und Schneidtechnik,http://www.oerlikon-soudure.ch,"Oerlikon-Schweisstechnik AG, Niederhasli / ZH"
Schweiss- und Schneidtechnik,http://www.optrel.com,"Optrel AG, Wattwil / SG"
Schweiss- und Schneidtechnik,http://www.svs.ch,"Schweizerischer Verein für Schweisstechnik, Basel / BS"
Schweiss- und Schneidtechnik,http://www.sechy.ch,"Séchy Schweisstechnik AG, Nänikon / ZH"
Schweiss- und Schneidtechnik,http://www.boehlerweldinggroup.ch,"voestalpine Böhler Welding Schweiz AG, Wallisellen / ZH"
Schweiss- und Schneidtechnik,http://www.westfalen.com,"Westfalen Gas Schweiz GmbH, Eiken / AG"
Swiss Additive Manufacturing Group,http://www.3dprecision.ch,"3D PRECISION SA, Delémont / JU"
Swiss Additive Manufacturing Group,http://new.abb.com/turbocharging,"ABB Turbo Systems AG, Baden / AG"
Swiss Additive Manufacturing Group,http://www.admantec.com,"admantec ag, Altstätten / SG"
Swiss Additive Manufacturing Group,http://www.afag.com,"Afag Automation AG, Huttwil / BE"
Swiss Additive Manufacturing Group,http://www.gfms.com/ch,"Agie Charmilles New Technologies SA, Satigny / GE"
Swiss Additive Manufacturing Group,http://www.amkyburz.ch,"AM Kyburz AG, Wettswil a.A. / ZH"
Swiss Additive Manufacturing Group,http://www.autoneum.com,"Autoneum Management AG, Winterthur / ZH"
Swiss Additive Manufacturing Group,http://www.burckhardtcompression.com,"Burckhardt Compression AG, Winterthur / ZH"
Swiss Additive Manufacturing Group,http://www.ecoparts.ch,"ECOPARTS AG, Rüti / ZH"
Swiss Additive Manufacturing Group,http://www.fhnw.ch,"Fachhochschule Nordwestschweiz -Hochschule für Technik, Windisch / AG"
Swiss Additive Manufacturing Group,http://www.ferrum.net,"Ferrum AG, Schafisheim / AG"
Swiss Additive Manufacturing Group,http://www.industech.ch,"Franke Industrie AG, Aarburg / AG"
Swiss Additive Manufacturing Group,http://www.studer.com,"Fritz Studer AG, Steffisburg / BE"
Swiss Additive Manufacturing Group,http://www.geberit.com,"Geberit International AG, Rapperswil-Jona / SG"
Swiss Additive Manufacturing Group,http://www.ge.com,"General Electric (Switzerland) GmbH, Baden / AG"
Swiss Additive Manufacturing Group,http://www.heberlein.com,"Heberlein AG, Wattwil / SG"
Swiss Additive Manufacturing Group,http://www.hilti.com,"Hilti Aktiengesellschaft, Schaan / FL"
Swiss Additive Manufacturing Group,http://www.hsr.ch,"HSR Hochschule für Technik, Rapperswil SG / SG"
Swiss Additive Manufacturing Group,http://www.imbach.com,"Imbach + Cie. AG, Nebikon / LU"
Swiss Additive Manufacturing Group,http://www.inspire.ethz.ch,"Inspire AG, St. Gallen / SG"
Swiss Additive Manufacturing Group,http://www.irpd.ch,"Irpd AG, St. Gallen / SG"
Swiss Additive Manufacturing Group,http://www.iwf.mavt.ethz.ch/,"IWF-ETH, Zürich ETH-Zentrum / ZH"
Swiss Additive Manufacturing Group,http://www.laube.ch,"Laube + Co. AG Apparatebau, Mellikon / AG"
Swiss Additive Manufacturing Group,http://www.man-es.com,"MAN Energy Solutions Schweiz AG, Zürich / ZH"
Swiss Additive Manufacturing Group,http://www.oerlikon.com,"OC Oerlikon Management AG, Päffikon, Pfäffikon SZ / SZ"
Swiss Additive Manufacturing Group,http://www.pangas.ch,"PanGas AG, Dagmersellen / LU"
Swiss Additive Manufacturing Group,http://www.plumettaz.com,"Plumettaz SA, Bex / VD"
Swiss Additive Manufacturing Group,http://www.prodartis.ch,"prodartis AG, Appenzell/AI"
Swiss Additive Manufacturing Group,http://www.protoshape.ch,"ProtoShape GmbH, Nidau-Biel / BE"
Swiss Additive Manufacturing Group,http://www.pwb.ch,"PWB AG, Altstätten / SG"
Swiss Additive Manufacturing Group,http://www.ruag.com/space,"RUAG Schweiz AG, RUAG Space, Zürich / ZH"
Swiss Additive Manufacturing Group,http://www.schindler.com,"Schindler Management AG, Ebikon / LU"
Swiss Additive Manufacturing Group,http://www.snv.ch,"Schweizerische Normen-Vereinigung (SNV), Winterthur / ZH"
Swiss Additive Manufacturing Group,http://www.svs.ch,"Schweizerischer Verein für Schweisstechnik, Basel / BS"
Swiss Additive Manufacturing Group,http://www.siemens.ch,"Siemens Schweiz AG, Zürich / ZH"
Swiss Additive Manufacturing Group,http://www.supsi.ch,"SUPSI (University of Applied Sciences of Southern Switzerland, Manno/TI"
Swiss Additive Manufacturing Group,http://www.swiss3dtec.ch,"Swiss 3D Tec AG, Wollerau / SZ"
Swiss Additive Manufacturing Group,http://www.trumpf.com,"TRUMPF Schweiz AG, Grüsch / GR"
Swiss Additive Manufacturing Group,http://www.grinding.ch,"United Grinding Group Management AG, Bern / BE"
Swiss Additive Manufacturing Group,http://www.wintool.com,"WinTool AG, Zürich / ZH"
Swiss Additive Manufacturing Group,http://www.wolfensberger.ch,"Wolfensberger AG, Bauma / ZH"
Swiss Additive Manufacturing Group,http://www.zpp.zhwin.ch,"Zürcher Hochschule für Angewandte Wissenschaften, Winterthur / ZH"
Swiss Airport Suppliers,http://www.aebi-schmidt.com,"Aebi & Co. AG, Maschinenfabrik, Hochdorf LU / LU"
Swiss Airport Suppliers,http://www.cabling.datwyler.com,"Dätwyler Cabling Solutions AG, Altdorf / UR"
Swiss Airport Suppliers,http://www.europoles.com,"Europoles Suisse GmbH, Mollis / GL"
Swiss Airport Suppliers,http://www.zurich-airport.com,"Flughafen Zürich AG, Zürich / ZH"
Swiss Airport Suppliers,http://www.spezialleuchten.ch,"Hugentobler Spezialleuchten AG, Weinfelden  / TG"
Swiss Airport Suppliers,http://www.istinox.ch,"IST-Edelstahl-Anlagenbau AG, Thun / BE"
Swiss Airport Suppliers,http://www.t-link.ch,"T-Link Management AG - Division Novafair, Bassersdorf / ZH"
Swiss ASD,http://www.aegerterag.ch,"Aegerter Swiss Technology AG, Heimberg / BE"
Swiss ASD,http://www.aerogroup.ch,"Aero Group SA, La Chaux-de-Fonds / NE"
Swiss ASD,http://www.allega.ch,"Allega GmbH, Niederglatt / ZH"
Swiss ASD,http://www.alme.ch,"ALME perfect precision , Aadorf / TG"
Swiss ASD,http://www.apco-technologies.com,"Apco Technologies SA, Aigle / VD"
Swiss ASD,http://www.berhalter.com,"Berhalter AG, Widnau / SG"
Swiss ASD,http://www.casram.com,"Casram SA, Mezzovico-Vira / TI"
Swiss ASD,http://www.clemessy.ch,"Clemessy (Switzerland) AG, Basel / BS"
Swiss ASD,http://www.crypto.ch,"Crypto Schweiz AG, Steinhausen / ZG"
Swiss ASD,http://www.csem.ch,"CSEM Centre Suisse d'Electronique et de Microtechnique SA, Neuchâtel / NE"
Swiss ASD,http://www.cwat.ch,"Curtiss-Wright Antriebstechnik GmbH, Neuhausen am Rheinfall / SH"
Swiss ASD,http://www.desapro.com,"Desapro AG, Thayngen / SH"
Swiss ASD,http://www.elma.ch,"Elma Electronic AG, Wetzikon / ZH"
Swiss ASD,http://www.estech.ch,FAES-PWR ESTECH AG / Rüti ZH
Swiss ASD,http://www.fisba.ch,"FISBA AG, St. Gallen / SG"
Swiss ASD,http://www.industech.ch,"Franke Industrie AG, Aarburg / AG"
Swiss ASD,http://www.gdels.com,"General Dynamics European Land Systems - Mowag GmbH, Kreuzlingen / TG"
Swiss ASD,http://www.gfms.com,"GF Machining Solutions Management SA, Satigny / GE"
Swiss ASD,http://www.gfprecicast.com,"GF Precicast S.A., Novazzano / TI"
Swiss ASD,http://www.hubersuhner.com,"Huber+Suhner AG, Werk Pfäffikon, Pfäffikon / ZH"
Swiss ASD,http://www.icotec-medical.com,"icotec AG, Altstätten / SG"
Swiss ASD,http://www.interfast.ch,Interfast / Zug
Swiss ASD,http://www.jean-gallay.ch,"Jean Gallay SA, Plan-les-Ouates / GE"
Swiss ASD,http://www.bimetal.ch,"Kugler Bimetal SA, Vernier / GE"
Swiss ASD,http://www.listemann.com,"Listemann AG, Winterthur / ZH"
Swiss ASD,http://www.magentasys.com,"MAGENTASYS Sàrl, Genolier / VD"
Swiss ASD,http://www.mecaplex.ch,"Mecaplex AG, Grenchen / SO"
Swiss ASD,http://www.meggittsensingsystems.com,"Meggitt SA, Fribourg / FR"
Swiss ASD,http://www.ces-swap.com,Mercury Mission Systems International SA. / GE
Swiss ASD,http://www.meteolabor.ch,"Meteolabor AG, Wetzikon / ZH"
Swiss ASD,http://www.tudor-tech.ch,"MIRCEA TUDOR SCAN TECH SA, Saint-Imier / BE"
Swiss ASD,http://www.nobag.com,"NOBAG Nobs Engineering AG, Uetendorf / BE"
Swiss ASD,http://www.suhner.com,"Otto Suhner Aktiengesellschaft, Brugg / AG"
Swiss ASD,http://www.rheinmetall-defence.com,"Rheinmetall Air Defence AG, Zürich / ZH"
Swiss ASD,http://www.rheinmetall-tp.com,"Rheinmetall Technical Publications Schweiz AG, Zürich / ZH"
Swiss ASD,http://www.roschi.rohde-schwarz.com,"Roschi Rohde & Schwarz AG, Ittigen / BE"
Swiss ASD,http://www.ruag.com,"RUAG Ammotec AG, Thun / BE"
Swiss ASD,http://www.ruag.com,"RUAG Schweiz AG, Div. Aviation, Emmen / LU"
Swiss ASD,http://www.ruag.com/de/Defence/Defence_Home,"RUAG Schweiz AG, RUAG Defence, Bern / BE"
Swiss ASD,http://www.rwmschweiz.ch,"RWM Schweiz AG, Zürich / ZH"
Swiss ASD,http://www.saabgroup.com,"Saab Bofors Dynamics Switzerland Ltd, Thun / BE"
Swiss ASD,http://www.safran-vectronix.com,"Safran Vectronix AG, Heerbrugg / SG"
Swiss ASD,http://www.stjaero.com,"Saint Jean Aero (Suisse) SA, Plan-les-Ouates / GE"
Swiss ASD,http://www.swissarms.ch,"SAN Swiss Arms AG, Neuhausen am Rheinfall / SH"
Swiss ASD,http://www.sauterbachmann.ch,"Sauter, Bachmann AG, Netstal / GL"
Swiss ASD,http://www.securiton.ch,"Securiton AG, Zollikofen / BE"
Swiss ASD,http://www.sntechnologies.com,"SN TECHNOLOGIES SA, Satigny / GE"
Swiss ASD,http://www.ssz-camouflage.ch,"SSZ Camouflage Technology AG, Zug / ZG"
Swiss ASD,http://www.starrag.com,"Starrag AG, Rorschacherberg / SG"
Swiss ASD,http://www.sysa.ch,"Systems Assembling SA, Boudry / NE"
Swiss ASD,http://www.thalesgroup.com,"Thales Suisse SA, Zürich / ZH"
Swiss ASD,http://www.viasat.com,"ViaSat Antenna Systems SA, Lausanne / VD"
Textilmaschinen,http://www.agm-jactex.ch,"AGM Jactex AG, Neuhausen am Rheinfall / SH"
Textilmaschinen,http://www.amslertex.com,"Amsler Tex AG, Aesch / ZH"
Textilmaschinen,http://www.autefa.com,"AUTEFA Solutions Switzerland AG, Frauenfeld / TG"
Textilmaschinen,http://www.becatron.ch,"Becatron AG, Müllheim / TG"
Textilmaschinen,http://www.benningergroup.com,"Benninger AG, Uzwil / SG"
Textilmaschinen,http://www.bracker.ch,"Bräcker AG, Pfäffikon / ZH"
Textilmaschinen,http://www.steinemann-cvs.ch,"ConVacc AG, Flawil/SG"
Textilmaschinen,http://www.crealet.com,"Crealet AG, Eschenbach SG / SG"
Textilmaschinen,http://www.dropchemicals.com,"Drop Chemicals SA, Stabio / TI"
Textilmaschinen,http://hunziker.info,"G. Hunziker AG, Eschenbach / SG"
Textilmaschinen,http://www.loepfe.com,"Gebrüder Loepfe AG, Wetzikon / ZH"
Textilmaschinen,http://www.texmaag.ch,"Gebrüder Maag, Maschinenfabrik AG, Küsnacht / ZH"
Textilmaschinen,http://www.graf-companies.com,"Graf + Cie AG, Rapperswil-Jona / SG"
Textilmaschinen,http://www.hannecard.com,"Hannecard GmbH, Rüti  / ZH"
Textilmaschinen,http://www.heberlein.com,"Heberlein AG, Wattwil / SG"
Textilmaschinen,http://www.maurer-sa.ch,"Ing. A. Maurer SA, Ittigen / BE"
Textilmaschinen,http://www.itemagroup.com,"ITEMA (Switzerland) Ltd., Wilen / SZ"
Textilmaschinen,http://www.mueller-frick.com,"Jakob Müller AG Frick, Frick / AG"
Textilmaschinen,http://www.karlmayer.ch,"Karl Mayer Textilmaschinen AG, Oberbüren / SG"
Textilmaschinen,http://www.laesser.ch,"Lässer AG, Diepoldsau / SG"
Textilmaschinen,http://www.luwa.com,"Luwa Air Engineering AG, Uster / ZH"
Textilmaschinen,http://www.norsel.com,"Norsel Textil Maschinen AG, Kreuzlingen / TG"
Textilmaschinen,http://www.polytex.ch,"Polytex AG, Schönenwerd / SO"
Textilmaschinen,http://www.prolim.ch,"prolim engineering GmbH, Küsnacht / ZH"
Textilmaschinen,http://www.retech.ch,"Retech Aktiengesellschaft, Meisterschwanden / AG"
Textilmaschinen,http://www.rieter.com,"Rieter Management AG, Winterthur / ZH"
Textilmaschinen,http://www.oe-rotorcraft.com,"Rotorcraft AG, Altstätten SG / SG"
Textilmaschinen,http://www.rutitextil.ch,"Rüti Textil GmbH, Rüti / ZH"
Textilmaschinen,http://www.santexrimar.com,"Santex Rimar AG, Tobel-Tägerschen / TG"
Textilmaschinen,http://www.saurer.com,"SAURER AG, Wattwil / SG"
Textilmaschinen,http://www.saurer.com,"SAURER AG, Zweigniederlassung Arbon, Arbon / TG"
Textilmaschinen,http://www.saurer.com,"Saurer Industries AG, Arbon / TG"
Textilmaschinen,http://www.ssm.ch,"SSM Schärer Schweiter Mettler AG, Horgen / ZH"
Textilmaschinen,http://www.staubli.com,"Stäubli Sargans AG, Sargans / SG"
Textilmaschinen,http://www.steiger-textil.ch,"Steiger Participations SA, Vionnaz / VS"
Textilmaschinen,http://www.perfecta.ch,"Triopan AG Abt.  Perfecta Schmid Textilmaschinen, Rorschach / SG"
Textilmaschinen,http://www.truetzschler.com,"Trützschler Switzerland AG, Winterthur / ZH"
Textilmaschinen,http://www.uster.com,"Uster Technologies AG, Uster / ZH"
Textilmaschinen,http://www.vitonotodesign.com,"Vito Noto Industrial Design, Cadro / TI"
Textilmaschinen,http://www.mathisag.com,"Werner Mathis AG, Niederhasli / ZH"
Textilmaschinen,http://www.willy-grob.ch,"Willy Grob AG, Eschenbach / SG"
Textilmaschinen,http://www.xetma.com,"Xetma Vollenweider AG, Horgen / ZH"
Textilmaschinen,http://www.zetadatatec.com,"ZETA DATATEC GmbH, Neuhausen a.R. / SH"
Transmission und Distribution,http://www.abb.com,"ABB Schweiz AG, Baden / AG"
Transmission und Distribution,http://www.gegridsolutions.com,"GE Grid (Switzerland) AG, Oberentfelden / AG"
Transmission und Distribution,http://www.raustoc.ch,"Rauscher & Stoecklin AG, Sissach / BL"
Transmission und Distribution,http://www.schneider-electric.com,"Schneider Electric (Schweiz) AG, Ittigen / BE"
Transmission und Distribution,http://www.siemens.ch,"Siemens Schweiz AG, Zürich / ZH"
Umwelttechnik,http://www.alfalaval.com,"Alfa Laval Mid Europe AG, Dietlikon / ZH"
Umwelttechnik,http://www.alphawt.ch,"ALPHA WasserTechnik AG, Nidau / BE"
Umwelttechnik,http://www.chestonag.ch,"Chestonag Automation AG, Seengen / AG"
Umwelttechnik,http://www.ctu.ch,"CTU Clean Technology Universe AG, Winterthur / ZH"
Umwelttechnik,http://www.degremont-technologies.com,"Degrémont Technologies Ltd, Dübendorf / ZH"
Umwelttechnik,http://www.eggerpumps.com,"Emile Egger & Cie. SA, Cressier / NE"
Umwelttechnik,http://www.hz-inova.com,"Hitachi Zosen Inova AG, Zürich / ZH"
Umwelttechnik,http://www.js-umwelttechnik.ch,"JS Umwelttechnik AG, Hottwil / AG"
Umwelttechnik,http://www.mbe.ch,"MBE AG, Wetzikon / ZH"
Umwelttechnik,http://www.mecana.com,"Mecana Umwelttechnik GmbH, Reichenburg / SZ"
Umwelttechnik,http://www.neosys.ch,"Neosys AG, Gerlafingen / SO"
Umwelttechnik,http://www.panaqua.ch,"Panaqua AG, Adligenswil / LU"
Umwelttechnik,http://www.picatech.ch,"Picatech Huber AG, Horw / LU"
Umwelttechnik,http://www.powercondens.ch,"POWERcondens AG, Zizers / GR"
Umwelttechnik,http://www.ramboll.ch,"Ramboll AG, Zürich / ZH"
Umwelttechnik,http://www.rheno.ch,"Rheno Umwelttechnik AG, Schlieren / ZH"
Umwelttechnik,http://www.roshard.ch,"Roshard AG, Wangen-Brüttisellen / ZH"
Umwelttechnik,http://www.syngas.ch,"SYNGAS Swiss AG, Münchenstein / BL"
Umwelttechnik,http://www.techfina.ch,"Techfina SA, Petit-Lancy / GE"
Umwelttechnik,http://wabag-wassertechnik.ch,"WABAG Wassertechnik AG, Winterthur / ZH"
Umwelttechnik,http://www.wilo.ch,"WILO Schweiz AG, Rheinfelden / AG"
Umwelttechnik,http://www.wilo.ch,"WILO Schweiz AG, Rheinfelden / AG"
Verbrennungsmaschinen,http://new.abb.com/turbocharging,"ABB Turbo Systems AG, Baden / AG"
Verbrennungsmaschinen,http://www.antrova.com,"Antrova AG, Stein am Rhein / SH"
Verbrennungsmaschinen,http://www.duap.ch,"DUAP AG, Herzogenbuchsee / BE"
Verbrennungsmaschinen,http://www.fptindustrial.com,"FPT Motorenforschung AG, Arbon / TG"
Verbrennungsmaschinen,http://www.kistler.com,"Kistler Instrumente AG / Messtechnik, Regeltechnik, Winterthur / ZH"
Verbrennungsmaschinen,http://www.motorex.com,"MOTOREX AG Langenthal Schmiertechnik, Langenthal / BE"
Verbrennungsmaschinen,http://www.novaswiss.com,"Nova Werke AG, Effretikon / ZH"
Verbrennungsmaschinen,http://www.shiptec.ch,"Shiptec AG, Luzern / LU"
Verbrennungsmaschinen,http://www.turbomach.com,"Solar Turbines Switzerland SAGL, Locarno / TI"
Verbrennungsmaschinen,http://www.tesis.ch,"Tesis Consulting GmbH, Volketswil / ZH"
Verbrennungsmaschinen,http://www.trafag.com,"Trafag AG, Bubikon / ZH"
Verbrennungsmaschinen,http://www.ut99.ch,"UT 99 AG, Andelfingen / ZH"
Verbrennungsmaschinen,http://www.wingd.com,"Winterthur Gas & Diesel AG, Winterthur"
Verfahrenstechnischer Maschinen- und Apparatebau,http://www.bucherunipektin.com,"Bucher Unipektin AG, Niederweningen / ZH"
Verfahrenstechnischer Maschinen- und Apparatebau,http://www.buhlergroup.com,"Bühler AG, Uzwil / SG"
Verfahrenstechnischer Maschinen- und Apparatebau,http://www.ferrum.net,"Ferrum AG, Rupperswil / AG"
Verfahrenstechnischer Maschinen- und Apparatebau,http://www.frymaKoruma.com,"FrymaKoruma AG, Rheinfelden / AG"
Verfahrenstechnischer Maschinen- und Apparatebau,http://www.gericke.net,"Gericke AG, Regensdorf / ZH"
Verfahrenstechnischer Maschinen- und Apparatebau,http://www.habluetzel.ch,"Hablützel AG, Wilchingen / SH"
Verfahrenstechnischer Maschinen- und Apparatebau,http://www.istinox.ch,"IST-Edelstahl-Anlagenbau AG, Thun / BE"
Verfahrenstechnischer Maschinen- und Apparatebau,http://www.kasag.com,"KASAG Swiss AG, Langnau im Emmental / BE"
Verfahrenstechnischer Maschinen- und Apparatebau,http://www.mmsx.com,"MMS AG, Urdorf / ZH"
Verfahrenstechnischer Maschinen- und Apparatebau,http://www.obrecht-ag.com,"Obrecht AG Rohrleitungsbau, Apparatebau, Felsenau / AG"
Verfahrenstechnischer Maschinen- und Apparatebau,http://www.rondo-online.com,"RONDO Burgdorf AG, Burgdorf / BE"
Verfahrenstechnischer Maschinen- und Apparatebau,http://www.spetech.ch/de,"SPE Tech AG, Frauenkappelen / BE"
Verfahrenstechnischer Maschinen- und Apparatebau,http://www.sulzer.com/en/About-us/Our-Businesses/Chemtech,"Sulzer Chemtech AG, Winterthur / ZH"
Verfahrenstechnischer Maschinen- und Apparatebau,http://www.wafagag.ch,"Wafag Anlagen- und Apparatebau AG, Flawil / SG"
Verpackungstechnik,http://www.alupak.com,"Alupak AG, Belp / BE"
Verpackungstechnik,http://www.verpatec.ch,"AVT Verpatec AG, Hombrechtikon / ZH"
Verpackungstechnik,http://www.ball.com,"Ball Beverage Packaging Widnau GmbH, Widnau / SG"
Verpackungstechnik,http://www.berhalter.com,"Berhalter AG, Widnau / SG"
Verpackungstechnik,http://www.boschpackaging.com,"Bosch Packaging Systems AG, Beringen / SH"
Verpackungstechnik,http://sealing.datwyler.com/industry-solutions/automotive.html,"Dätwyler Sealing Solutions International AG, Schattdorf / UR"
Verpackungstechnik,http://www.dividella.ch,"Dividella AG, Grabs / SG"
Verpackungstechnik,http://www.falu.com,"Falu AG, Rüti / ZH"
Verpackungstechnik,http://www.ferrum.net,"Ferrum AG, Rupperswil / AG"
Verpackungstechnik,http://www.indosa-ag.com,"Grabher Indosa-Maschinenbau AG, Au / SG"
Verpackungstechnik,http://www.iverslee.com,"Ivers-Lee AG, Burgdorf / BE"
Verpackungstechnik,http://www.rlc-packaging.com,"Limmatdruck Zeiler AG, Köniz / BE"
Verpackungstechnik,http://www.maroplastic.ch,"Maroplastic AG, Reitnau / AG"
Verpackungstechnik,http://www.packsysglobal.com,"PackSys Global AG, Rüti / ZH"
Verpackungstechnik,http://www.polytype.com,"Polytype S.A., Fribourg / FR"
Verpackungstechnik,http://www.rohrerag.com,"Rohrer AG, Möhlin / AG"
Verpackungstechnik,http://www.rychiger.com,"Rychiger AG, Steffisburg / BE"
Verpackungstechnik,http://www.sapal.ch,"Sapal SA, Ecublens / VD"
Verpackungstechnik,http://www.soudronic.com,"Soudronic AG, Bergdietikon / AG"
Verpackungstechnik,http://www.canmachinery.com,"Swiss Can Machinery AG, Berneck / SG"
Verpackungstechnik,http://www.zellwag.com,"Zellwag Pharmtech AG, Frauenfeld / TG"
Werkzeug- und Formenbau,http://www.agathon.com,"AGATHON AG, Maschinenfabrik, Bellach / SO"
Werkzeug- und Formenbau,http://www.amiet-ag.ch,"Amiet AG, Präzisionswerkzeugbau, Herisau / AR"
Werkzeug- und Formenbau,http://www.bloesch.ch,"Blösch AG Hartstoffbeschichtungszentrum, Grenchen / SO"
Werkzeug- und Formenbau,http://www.bohrbuechsen.ch,"Bohrbüchsen A.G., Heimberg / BE"
Werkzeug- und Formenbau,http://www.brsflawil.ch,"Büchler Reinli + Spitzli AG, Flawil / SG"
Werkzeug- und Formenbau,http://www.erowa.com,"Erowa AG, Reinach / AG"
Werkzeug- und Formenbau,http://www.etampa.ch,"Etampa AG, Grenchen / SO"
Werkzeug- und Formenbau,http://www.feinstanz.ch,"Feinstanz AG, Werkzeug- und Feinstanztechnik, Rapperswil-Jona / SG"
Werkzeug- und Formenbau,http://www.feintool.com,"Feintool Technologie AG, Lyss / BE"
Werkzeug- und Formenbau,http://www.fostag.com,"Fostag Formenbau AG, Stein am Rhein / SH"
Werkzeug- und Formenbau,http://www.fribosa.com,"Fribosa AG, Murten-Morat / FR"
Werkzeug- und Formenbau,http://www.gebrbraem.ch,"Gebr. Bräm AG Päzisionswerkzeugbau, Dietikon / ZH"
Werkzeug- und Formenbau,http://www.glaroform.ch,"Glaroform AG, Näfels / GL"
Werkzeug- und Formenbau,http://www.gressel.ch,"GRESSEL AG, Aadorf / TG"
Werkzeug- und Formenbau,http://www.hydrel.ch,"Hydrel AG, Romanshorn / TG"
Werkzeug- und Formenbau,http://www.iepco.ch,"Iepco AG, Höri / ZH"
Werkzeug- und Formenbau,http://www.jehleag.ch,"Jehle Werkzeug- + Formenbau AG, Etzgen / AG"
Werkzeug- und Formenbau,http://www.katz.ch,"KATZ Kunststoff Ausbildungs- und Technologie-Zentrum, Aarau / AG"
Werkzeug- und Formenbau,http://www.landtwing.com,"Landtwing Werkzeugbau AG, Zug / ZG"
Werkzeug- und Formenbau,http://www.make-ag.ch,"Make AG, Heimberg / BE"
Werkzeug- und Formenbau,http://www.meylanfreres.ch,"Meylan Frères SA, Le Brassus / VD"
Werkzeug- und Formenbau,http://www.system3r.ch,"Mikron Agie Charmilles AG, TU System 3R, Flawil / SG"
Werkzeug- und Formenbau,http://www.mould2part.ch,"mould2part GmbH, Trogen / AR"
Werkzeug- und Formenbau,http://www.oerlikon.com,"Oerlikon Balzers Coating AG, Balzers / FL"
Werkzeug- und Formenbau,http://www.oskar-ruegg.ch,"Oskar Rüegg AG, Rapperswil-Jona / SG"
Werkzeug- und Formenbau,http://www.otto-hofstetter.ch,"Otto Hofstetter AG, Uznach / SG"
Werkzeug- und Formenbau,http://www.pfwag.ch,"Pfister Werkzeugbau AG, Mönchaltorf / ZH"
Werkzeug- und Formenbau,http://www.profin.ch,"PROFIN Progressive Finish AG, Luzern / LU"
Werkzeug- und Formenbau,http://www.schoettli.com,"Schöttli AG, Diessenhofen / TG"
Werkzeug- und Formenbau,http://www.sulzer.com,"Sulzer Mixpac AG, Sennwald / SG"
Werkzeug- und Formenbau,http://www.tanner-formenbau.ch,"Tanner Formenbau AG, Feuerthalen / ZH"
Werkzeug- und Formenbau,http://www.veralit.ch,"Veralit AG, Schlieren / ZH"
Werkzeug- und Formenbau,http://www.wintool.com,"WinTool AG, Zürich / ZH"
Werkzeugmaschinen und Fertigungstechnik,http://www.affoltergroup.ch,"Affolter Technologies S.A., Valbirse / BE"
Werkzeugmaschinen und Fertigungstechnik,http://www.agathon.com,"AGATHON AG, Maschinenfabrik, Bellach / SO"
Werkzeugmaschinen und Fertigungstechnik,http://www.baltec.com,"Baltec Maschinenbau AG, Pfäffikon / ZH"
Werkzeugmaschinen und Fertigungstechnik,http://www.bodmer-taumel.ch,"Bodmer Küsnacht AG, Küsnacht / ZH"
Werkzeugmaschinen und Fertigungstechnik,http://www.bystronic.com,"Bystronic Laser AG, Niederönz / BE"
Werkzeugmaschinen und Fertigungstechnik,http://www.coherent.ch,"COHERENT Switzerland AG, Belp / BE"
Werkzeugmaschinen und Fertigungstechnik,http://www.EundA.ch,"e+a Elektromaschinen und Antriebe AG, Möhlin / AG"
Werkzeugmaschinen und Fertigungstechnik,http://www.bruderer.com,"E. Bruderer Maschinenfabrik AG, Arbon / TG"
Werkzeugmaschinen und Fertigungstechnik,http://www.eckold.ch,"Eckold AG, Trimmis / GR"
Werkzeugmaschinen und Fertigungstechnik,http://www.emissa.com,"Emissa SA, Le Locle / NE"
Werkzeugmaschinen und Fertigungstechnik,http://www.ernst-grob.com,"Ernst Grob AG, Männedorf / ZH"
Werkzeugmaschinen und Fertigungstechnik,http://www.efcooling.com,"Ernst H. Furrer AG Industriekühlanlagen, Dällikon / ZH"
Werkzeugmaschinen und Fertigungstechnik,http://www.erowa.com,"Erowa AG, Büron / LU"
Werkzeugmaschinen und Fertigungstechnik,http://www.escomatic.ch,"Esco S.A. Fabrique de machines, Geneveys-Coffrane / NE"
Werkzeugmaschinen und Fertigungstechnik,http://www.iwf.mavt.ethz.ch,"ETH Zürich IWF, Zürich ETH-Zentrum / ZH"
Werkzeugmaschinen und Fertigungstechnik,http://www.ewag.com,"Ewag AG, Etziken / SO"
Werkzeugmaschinen und Fertigungstechnik,http://www.fanuc.eu,"FANUC SWITZERLAND GMBH, Biel / BE"
Werkzeugmaschinen und Fertigungstechnik,http://www.fehlmann.com,"Fehlmann AG, Seon / AG"
Werkzeugmaschinen und Fertigungstechnik,http://www.feintool.com,"Feintool Technologie AG, Lyss / BE"
Werkzeugmaschinen und Fertigungstechnik,http://www.fischerspindle.com,"Fischer AG Präzisionsspindeln, Herzogenbuchsee / BE"
Werkzeugmaschinen und Fertigungstechnik,http://www.fleurysa.ch,"Fleury SA, Biel / BE"
Werkzeugmaschinen und Fertigungstechnik,http://www.fribosa.com,"Fribosa AG, Murten-Morat / FR"
Werkzeugmaschinen und Fertigungstechnik,http://www.studer.com,"Fritz Studer AG, Steffisburg / BE"
Werkzeugmaschinen und Fertigungstechnik,http://www.studer.com,"Fritz Studer AG, Steffisburg / BE"
Werkzeugmaschinen und Fertigungstechnik,http://www.gfms.com,"GF Machining Solutions Management SA, Satigny / GE"
Werkzeugmaschinen und Fertigungstechnik,http://www.hatebur.com,"Hatebur Umformmaschinen AG, Reinach / BL"
Werkzeugmaschinen und Fertigungstechnik,http://www.heidenhain.ch,"Heidenhain (Schweiz) AG, Schwerzenbach / ZH"
Werkzeugmaschinen und Fertigungstechnik,http://www.ibag.ch,"IBAG Switzerland AG, Kloten / ZH"
Werkzeugmaschinen und Fertigungstechnik,http://www.imoberdorf.com,"Imoberdorf AG, Oensingen / SO"
Werkzeugmaschinen und Fertigungstechnik,http://www.schneeberger.ch,"J. Schneeberger Maschinen AG, Roggwil / BE"
Werkzeugmaschinen und Fertigungstechnik,http://www.pfiffner.com,"K.R. Pfiffner AG, Utzenstorf / BE"
Werkzeugmaschinen und Fertigungstechnik,http://www.klingelnberg.com,"Klingelnberg AG, Zürich / ZH"
Werkzeugmaschinen und Fertigungstechnik,http://www.kummer-precision.ch,"Kummer Frères S.A., Fabrique de machines, Tramelan / BE"
Werkzeugmaschinen und Fertigungstechnik,http://www.kellenberger.com,"L. Kellenberger & Co. AG, St. Gallen / SG"
Werkzeugmaschinen und Fertigungstechnik,http://www.landert.com,"Landert Motoren AG, Bülach / ZH"
Werkzeugmaschinen und Fertigungstechnik,http://www.liechti.com,"Liechti Engineering AG, Langnau im Emmental / BE"
Werkzeugmaschinen und Fertigungstechnik,http://www.lns-world.com,"LNS SA, Orvin / BE"
Werkzeugmaschinen und Fertigungstechnik,http://www.maegerle.com,"Mägerle AG Maschinenfabrik, Fehraltdorf / ZH"
Werkzeugmaschinen und Fertigungstechnik,http://www.meyerburger.com,"Meyer Burger (Switzerland) AG, Thun / BE"
Werkzeugmaschinen und Fertigungstechnik,http://www.meyrat.com,"Meyrat SA, Biel / BE"
Werkzeugmaschinen und Fertigungstechnik,http://www.microcut.ch,"Microcut AG, Lengnau BE / BE"
Werkzeugmaschinen und Fertigungstechnik,http://www.gfms.com/ch,"Mikron Agie Charmilles AG, Nidau / BE"
Werkzeugmaschinen und Fertigungstechnik,http://www.mikron.com,"Mikron SA Agno, Agno / TI"
Werkzeugmaschinen und Fertigungstechnik,http://www.monnier-zahner.ch,"Monnier & Zahner AG, Safnern / BE"
Werkzeugmaschinen und Fertigungstechnik,http://www.nobag.com,"NOBAG Nobs Engineering AG, Uetendorf / BE"
Werkzeugmaschinen und Fertigungstechnik,http://www.num.com,"NUM AG, Teufen / AR"
Werkzeugmaschinen und Fertigungstechnik,http://www.oerlikon.com/metco,"Oerlikon Metco AG, Wohlen / AG"
Werkzeugmaschinen und Fertigungstechnik,http://www.oetiker.com,"Oetiker Schweiz AG Maschinen- und Apparatefabrik, Horgen / ZH"
Werkzeugmaschinen und Fertigungstechnik,http://www.lehmann-rotary-tables.com,"Peter Lehmann AG, Langnau im Emmental / BE"
Werkzeugmaschinen und Fertigungstechnik,http://www.pibomulti.com,"Pibomulti S.A., Le Locle / NE"
Werkzeugmaschinen und Fertigungstechnik,http://www.posalux.ch,"Posalux SA, Bienne / BE"
Werkzeugmaschinen und Fertigungstechnik,http://www.precitrame.com,"Precitrame Machines SA, Tramelan / BE"
Werkzeugmaschinen und Fertigungstechnik,http://www.reiden.com,"Reiden Technik AG, Reiden / LU"
Werkzeugmaschinen und Fertigungstechnik,http://www.reishauer.com,"Reishauer AG, Wallisellen / ZH"
Werkzeugmaschinen und Fertigungstechnik,http://www.gerber-maschinen.ch,"René Gerber AG, Lyss / BE"
Werkzeugmaschinen und Fertigungstechnik,http://www.safed.ch,"SAFED Suisse SA, Delémont / JU"
Werkzeugmaschinen und Fertigungstechnik,http://www.sauterbachmann.ch,"Sauter, Bachmann AG, Netstal / GL"
Werkzeugmaschinen und Fertigungstechnik,http://www.schaeffler.ch,"Schaeffler Schweiz GmbH, Romanshorn / TG"
Werkzeugmaschinen und Fertigungstechnik,http://www.smsa.ch,"Schaublin Machines SA, Valbirse / BE"
Werkzeugmaschinen und Fertigungstechnik,http://www.schneeberger.com,"SCHNEEBERGER AG Lineartechnik, Roggwil / BE"
Werkzeugmaschinen und Fertigungstechnik,http://www.seckler.ch,"SECKLER AG, Pieterlen / BE"
Werkzeugmaschinen und Fertigungstechnik,http://www.siemens.ch,"Siemens Schweiz AG, Zürich / ZH"
Werkzeugmaschinen und Fertigungstechnik,http://www.stahli.com,"Stähli Läpp Technik AG, Pieterlen / BE"
Werkzeugmaschinen und Fertigungstechnik,http://www.starrag.com,"Starrag AG, Rorschacherberg / SG"
Werkzeugmaschinen und Fertigungstechnik,http://www.starrag.com,Starrag Vuadens SA / FR
Werkzeugmaschinen und Fertigungstechnik,http://www.step-tec.com,"Step-Tec AG, Luterbach / SO"
Werkzeugmaschinen und Fertigungstechnik,http://www.suhner.com,"Suhner Holding AG, Lupfig / AG"
Werkzeugmaschinen und Fertigungstechnik,http://www.swisschuck.com,"SwissChuck AG, Illnau-Effretikon / ZH"
Werkzeugmaschinen und Fertigungstechnik,http://www.synova.ch,"Synova S.A., Duillier / VD"
Werkzeugmaschinen und Fertigungstechnik,http://www.tornos.com,"TORNOS S.A., Moutier / BE"
Werkzeugmaschinen und Fertigungstechnik,http://www.tornos.com,"TORNOS S.A., Moutier / BE"
Werkzeugmaschinen und Fertigungstechnik,http://www.trumpf.com,"TRUMPF Schweiz AG, Grüsch / GR"
Werkzeugmaschinen und Fertigungstechnik,http://www.tschudin.eu,"TSCHUDIN AG, Grenchen / SO"
Werkzeugmaschinen und Fertigungstechnik,http://www.ttb-eng.com,"TTB Engineering SA, Riva San Vitale / TI"
Werkzeugmaschinen und Fertigungstechnik,http://www.turbo-separator.ch,"Turbo-Separator AG, Wattwil / SG"
Werkzeugmaschinen und Fertigungstechnik,http://www.grinding.ch,"United Grinding Group Management AG, Bern / BE"
Werkzeugmaschinen und Fertigungstechnik,http://www.willemin-macodel.com,"Willemin-Macodel SA, Delémont / JU"
Werkzeugmaschinen und Fertigungstechnik,http://www.wintool.com,"WinTool AG, Zürich / ZH"
Zulieferer ZMIS,http://www.3dprecision.ch,"3D PRECISION SA, Delémont / JU"
Zulieferer ZMIS,http://www.angenstein.ch,"Angenstein ESTECH AG, Aesch / BL"
Zulieferer ZMIS,http://www.ehrat-ag.ch,"Arnold Ehrat AG, Wädenswil / ZH"
Zulieferer ZMIS,http://www.band.ch,"Band-Genossenschaft, Bern / BE"
Zulieferer ZMIS,http://www.benningerguss.ch,"BENNINGER GUSS AG, Uzwil / SG"
Zulieferer ZMIS,http://www.buechiag.ch,"Büchi AG, Metallwarenfabrik, Wil / SG"
Zulieferer ZMIS,http://www.cantin.ch,"Cantin SA, Domdidier/ FR"
Zulieferer ZMIS,http://www.concable.ch,"Concable AG, Kehrsatz / BE"
Zulieferer ZMIS,http://www.construtec.ch,"Construtec AG, Cham / ZG"
Zulieferer ZMIS,http://www.durrer.com,"Durrer Spezialmaschinen AG, Küssnacht am Rigi / SZ"
Zulieferer ZMIS,http://www.eckold.ch,"Eckold AG, Trimmis / GR"
Zulieferer ZMIS,http://www.estech.ch,FAES-PWR ESTECH AG / Rüti ZH
Zulieferer ZMIS,http://www.firstindustries.ch,"First Industries services Sàrl, Crissier / VD"
Zulieferer ZMIS,http://www.fischer-reinach.ch,"Fischer Reinach AG, Reinach / AG"
Zulieferer ZMIS,http://www.hegi.ch,"Giesserei Hegi AG, Oberburg / BE"
Zulieferer ZMIS,http://www.gerster.ch,"Härterei Gerster AG, Egerkingen / SO"
Zulieferer ZMIS,http://www.inspire.ethz.ch,"Inspire AG, Zürich / ZH"
Zulieferer ZMIS,http://www.jakobag.ch,"Jakob AG Blechbearbeitung, Apparate- und Metallbau, Roggwil / TG"
Zulieferer ZMIS,http://www.metalyss.ch,"Metalyss AG, Lyss / BE"
Zulieferer ZMIS,http://www.okey.ch,"Okey AG, Zürich / ZH"
Zulieferer ZMIS,http://www.rapid.ch,"Rapid Technic AG, Killwangen / AG"
Zulieferer ZMIS,http://www.rewag.ch,"REWaG Feinmechanik AG, Waldkirch / SG"
Zulieferer ZMIS,http://www.sauterbachmann.ch,"Sauter, Bachmann AG, Netstal / GL"
Zulieferer ZMIS,http://www.sedax.ch,"Sedax AG, Uster  / ZH"
Zulieferer ZMIS,http://www.stoppani.com,"Stoppani AG, Neuenegg / BE"
Zulieferer ZMIS,http://www.wolfensberger.ch,"Wolfensberger AG, Bauma / ZH"